Openness,Conscientiousness,Extraversion,Agreeableness,Neuroticism,Pref_Work_Pace,Pref_Communication,Pref_Work_Setting,Value_Innovation,Value_Teamwork,Value_Leadership,Value_Ethics,CultureFitScore,ConflictRisk,RecommendedTeam
0.481,0.724,0.339,0.589,0.309,Fast,Direct,Remote,7,9,6,6,54.8,Medium,Operations / Admin
0.913,0.602,0.606,0.559,0.298,Fast,Indirect,Office,8,5,7,6,40.9,Medium,Creative / R&D
0.749,0.432,0.855,0.219,0.825,Fast,Direct,Hybrid,5,10,9,6,44.2,High,Creative / R&D
0.649,0.81,0.749,0.456,0.3,Fast,Indirect,Office,7,4,6,2,37.0,Medium,Data / Technical Team
0.317,0.714,0.805,0.485,0.318,Fast,Direct,Remote,8,6,5,7,50.3,Medium,Operations / Admin
0.317,0.322,0.694,0.499,0.708,Slow,Neutral,Office,9,8,7,6,49.0,High,Data / Technical Team
0.244,0.883,0.719,0.635,0.46,Fast,Indirect,Office,3,3,1,1,35.7,Medium,Sales / Client Success
0.85,0.817,0.837,0.6,0.721,Fast,Indirect,Hybrid,3,10,5,2,59.3,High,Creative / R&D
0.651,0.912,0.387,0.656,0.152,Slow,Direct,Hybrid,4,1,2,7,43.5,Low,Data / Technical Team
0.731,0.744,0.567,0.774,0.49,Slow,Indirect,Hybrid,5,4,4,1,54.5,Medium,Creative / R&D
0.215,0.66,0.366,0.81,0.127,Slow,Indirect,Remote,10,4,7,1,51.1,Low,Data / Technical Team
0.927,0.514,0.941,0.739,0.15,Slow,Neutral,Remote,1,1,5,1,31.7,Low,Sales / Client Success
0.824,0.9,0.908,0.917,0.825,Slow,Neutral,Hybrid,7,9,6,8,66.1,High,Sales / Client Success
0.359,0.85,0.23,0.214,0.211,Slow,Direct,Hybrid,9,3,2,4,28.6,Medium,Operations / Admin
0.336,0.234,0.729,0.347,0.526,Fast,Neutral,Remote,8,5,3,4,33.7,High,Data / Technical Team
0.338,0.22,0.894,0.206,0.429,Fast,Direct,Remote,5,6,7,2,24.4,High,Data / Technical Team
0.428,0.482,0.335,0.686,0.378,Balanced,Direct,Remote,4,8,2,1,48.9,Medium,Data / Technical Team
0.594,0.808,0.626,0.874,0.82,Fast,Direct,Remote,7,6,6,10,76.0,High,Operations / Admin
0.524,0.94,0.887,0.383,0.117,Fast,Indirect,Hybrid,5,3,5,9,44.0,Medium,Operations / Admin
0.418,0.313,0.225,0.895,0.631,Slow,Neutral,Remote,7,6,10,7,45.0,Medium,Data / Technical Team
0.659,0.646,0.723,0.245,0.871,Slow,Direct,Hybrid,1,1,1,4,28.0,High,Data / Technical Team
0.305,0.486,0.423,0.901,0.548,Fast,Neutral,Office,1,4,10,6,55.0,Medium,Data / Technical Team
0.419,0.927,0.893,0.464,0.849,Balanced,Direct,Office,10,6,4,2,40.4,High,Operations / Admin
0.475,0.832,0.928,0.276,0.142,Slow,Neutral,Remote,3,7,2,7,48.2,Medium,Operations / Admin
0.542,0.829,0.908,0.564,0.435,Fast,Neutral,Office,2,10,4,2,60.5,Medium,Operations / Admin
0.789,0.552,0.556,0.393,0.308,Fast,Direct,Office,2,3,1,10,33.7,Medium,Creative / R&D
0.35,0.511,0.847,0.414,0.685,Balanced,Indirect,Office,7,9,2,8,51.7,High,Data / Technical Team
0.586,0.405,0.833,0.43,0.885,Balanced,Neutral,Remote,10,7,8,8,42.1,High,Data / Technical Team
0.644,0.242,0.439,0.802,0.305,Slow,Indirect,Remote,2,1,6,1,29.0,Low,Data / Technical Team
0.235,0.849,0.822,0.604,0.623,Balanced,Indirect,Office,4,2,2,8,51.6,High,Sales / Client Success
0.656,0.81,0.228,0.433,0.258,Fast,Direct,Hybrid,2,1,6,2,33.1,Medium,Data / Technical Team
0.328,0.95,0.647,0.658,0.552,Fast,Direct,Office,6,9,10,6,57.4,Medium,Operations / Admin
0.249,0.947,0.373,0.737,0.471,Balanced,Direct,Remote,8,9,9,1,54.4,Medium,Operations / Admin
0.912,0.617,0.29,0.404,0.878,Balanced,Neutral,Remote,10,7,7,5,51.1,High,Creative / R&D
0.924,0.777,0.258,0.51,0.587,Balanced,Direct,Remote,4,10,9,7,60.4,High,Creative / R&D
0.806,0.909,0.722,0.291,0.38,Balanced,Direct,Office,5,3,5,10,50.7,Medium,Creative / R&D
0.428,0.837,0.455,0.336,0.191,Slow,Neutral,Hybrid,4,5,7,1,37.9,Medium,Operations / Admin
0.273,0.386,0.744,0.711,0.221,Balanced,Neutral,Remote,3,4,7,2,40.5,Low,Sales / Client Success
0.713,0.538,0.249,0.336,0.28,Slow,Direct,Remote,5,7,3,7,41.7,Medium,Creative / R&D
0.53,0.297,0.436,0.594,0.301,Fast,Direct,Office,9,9,7,6,44.0,Medium,Data / Technical Team
0.292,0.916,0.605,0.732,0.78,Balanced,Direct,Hybrid,8,2,1,3,48.9,High,Operations / Admin
0.571,0.655,0.793,0.28,0.549,Slow,Direct,Office,8,8,9,10,56.7,High,Data / Technical Team
0.226,0.371,0.439,0.625,0.519,Balanced,Indirect,Remote,8,9,10,2,39.5,Medium,Data / Technical Team
0.882,0.704,0.669,0.392,0.192,Fast,Indirect,Hybrid,8,10,6,10,56.0,Medium,Creative / R&D
0.394,0.664,0.864,0.922,0.788,Fast,Direct,Hybrid,7,10,5,4,61.5,Medium,Sales / Client Success
0.697,0.469,0.662,0.563,0.678,Fast,Indirect,Remote,8,9,7,3,54.1,High,Data / Technical Team
0.434,0.285,0.375,0.804,0.154,Balanced,Neutral,Hybrid,8,10,5,7,59.1,Low,Data / Technical Team
0.59,0.704,0.218,0.613,0.666,Balanced,Indirect,Hybrid,8,7,10,8,48.8,High,Operations / Admin
0.61,0.59,0.853,0.233,0.535,Slow,Indirect,Office,10,9,5,2,38.2,High,Data / Technical Team
0.339,0.779,0.216,0.675,0.165,Fast,Direct,Remote,7,9,10,10,64.2,Low,Operations / Admin
0.927,0.59,0.856,0.914,0.467,Balanced,Indirect,Remote,1,3,7,7,45.3,Medium,Sales / Client Success
0.781,0.839,0.597,0.651,0.488,Fast,Indirect,Remote,4,4,10,8,52.5,Medium,Creative / R&D
0.905,0.614,0.904,0.814,0.233,Fast,Indirect,Remote,4,2,7,6,44.2,Low,Sales / Client Success
0.871,0.621,0.799,0.863,0.857,Slow,Indirect,Remote,5,10,3,6,61.2,High,Sales / Client Success
0.648,0.857,0.948,0.371,0.78,Slow,Neutral,Hybrid,10,3,3,10,45.4,High,Data / Technical Team
0.891,0.503,0.463,0.359,0.635,Slow,Direct,Office,6,5,10,1,37.9,High,Creative / R&D
0.266,0.301,0.775,0.658,0.47,Slow,Direct,Remote,4,5,3,4,36.7,Medium,Sales / Client Success
0.347,0.222,0.501,0.508,0.429,Fast,Neutral,Office,2,6,6,1,30.9,Medium,Data / Technical Team
0.234,0.766,0.56,0.83,0.621,Slow,Indirect,Office,6,7,6,4,55.8,Medium,Operations / Admin
0.444,0.665,0.671,0.875,0.536,Slow,Neutral,Hybrid,8,7,3,2,49.6,Medium,Data / Technical Team
0.492,0.728,0.855,0.465,0.15,Slow,Indirect,Remote,8,1,3,5,36.1,Medium,Operations / Admin
0.404,0.36,0.938,0.378,0.51,Slow,Neutral,Hybrid,7,2,8,10,36.0,High,Data / Technical Team
0.822,0.302,0.776,0.785,0.745,Fast,Direct,Remote,6,9,8,9,57.6,High,Sales / Client Success
0.468,0.211,0.513,0.406,0.467,Slow,Direct,Hybrid,2,10,7,10,45.1,Medium,Data / Technical Team
0.411,0.463,0.516,0.817,0.142,Fast,Direct,Office,7,2,10,3,37.2,Low,Data / Technical Team
0.607,0.642,0.753,0.518,0.729,Balanced,Indirect,Remote,5,6,4,8,53.6,High,Data / Technical Team
0.306,0.494,0.379,0.701,0.261,Fast,Indirect,Office,6,1,4,3,33.0,Low,Data / Technical Team
0.802,0.528,0.283,0.272,0.307,Fast,Neutral,Office,10,3,3,6,33.2,Medium,Creative / R&D
0.256,0.878,0.466,0.668,0.232,Slow,Neutral,Hybrid,8,2,5,4,45.1,Low,Operations / Admin
0.94,0.461,0.415,0.539,0.364,Balanced,Direct,Remote,8,3,3,8,42.8,Medium,Creative / R&D
0.779,0.585,0.422,0.64,0.705,Balanced,Indirect,Office,3,5,8,6,49.5,High,Creative / R&D
0.349,0.788,0.375,0.326,0.516,Balanced,Neutral,Hybrid,7,10,7,8,55.0,High,Operations / Admin
0.204,0.497,0.232,0.753,0.264,Balanced,Indirect,Remote,1,6,3,1,37.7,Low,Data / Technical Team
0.812,0.667,0.213,0.847,0.802,Fast,Indirect,Remote,1,9,9,6,55.4,High,Creative / R&D
0.73,0.847,0.941,0.363,0.804,Balanced,Direct,Office,7,10,5,1,52.6,High,Creative / R&D
0.747,0.912,0.521,0.272,0.796,Fast,Direct,Remote,10,4,9,1,38.4,High,Creative / R&D
0.778,0.31,0.488,0.218,0.291,Fast,Indirect,Office,9,7,7,8,40.9,Medium,Creative / R&D
0.256,0.895,0.71,0.681,0.461,Fast,Indirect,Remote,7,6,7,7,61.5,Medium,Sales / Client Success
0.469,0.569,0.364,0.655,0.888,Balanced,Indirect,Hybrid,10,2,6,3,35.4,High,Data / Technical Team
0.287,0.394,0.912,0.61,0.718,Slow,Indirect,Office,5,10,2,6,49.0,High,Sales / Client Success
0.847,0.544,0.79,0.374,0.122,Slow,Direct,Office,8,8,9,9,44.8,Medium,Creative / R&D
0.667,0.935,0.267,0.493,0.152,Balanced,Neutral,Remote,2,7,6,7,50.1,Medium,Data / Technical Team
0.448,0.569,0.513,0.646,0.471,Slow,Direct,Remote,9,7,8,3,52.1,Medium,Data / Technical Team
0.248,0.447,0.859,0.573,0.827,Slow,Neutral,Office,6,8,1,6,45.8,High,Data / Technical Team
0.433,0.675,0.909,0.941,0.531,Fast,Indirect,Remote,9,1,5,4,50.3,Medium,Sales / Client Success
0.444,0.38,0.551,0.302,0.498,Fast,Neutral,Hybrid,2,1,1,3,20.7,High,Data / Technical Team
0.747,0.257,0.66,0.721,0.184,Balanced,Direct,Remote,3,8,10,9,49.3,Low,Creative / R&D
0.678,0.297,0.325,0.503,0.625,Balanced,Direct,Hybrid,8,4,8,10,36.0,High,Data / Technical Team
0.865,0.296,0.943,0.521,0.758,Slow,Indirect,Hybrid,1,5,8,2,29.0,High,Creative / R&D
0.554,0.314,0.374,0.738,0.404,Fast,Direct,Hybrid,10,8,1,1,49.3,Medium,Data / Technical Team
0.29,0.304,0.907,0.719,0.72,Balanced,Indirect,Hybrid,7,5,9,2,31.6,High,Sales / Client Success
0.735,0.681,0.687,0.943,0.872,Balanced,Direct,Hybrid,7,10,2,7,78.3,High,Creative / R&D
0.771,0.336,0.656,0.296,0.263,Balanced,Direct,Remote,1,4,9,10,32.9,Medium,Creative / R&D
0.621,0.459,0.585,0.278,0.519,Balanced,Indirect,Hybrid,9,6,1,1,33.4,High,Data / Technical Team
0.778,0.873,0.373,0.743,0.33,Balanced,Neutral,Remote,8,5,10,6,54.3,Medium,Creative / R&D
0.57,0.555,0.332,0.634,0.734,Balanced,Direct,Hybrid,4,7,9,7,49.8,High,Data / Technical Team
0.592,0.701,0.365,0.406,0.562,Slow,Neutral,Office,10,10,4,9,51.3,High,Operations / Admin
0.521,0.329,0.34,0.26,0.608,Fast,Direct,Hybrid,5,7,9,8,38.6,High,Data / Technical Team
0.219,0.344,0.785,0.264,0.738,Fast,Direct,Office,2,4,7,6,24.7,High,Data / Technical Team
0.281,0.231,0.463,0.871,0.417,Balanced,Direct,Hybrid,9,5,6,3,32.5,Medium,Data / Technical Team
0.224,0.327,0.243,0.344,0.832,Fast,Direct,Hybrid,6,3,5,8,33.7,High,Data / Technical Team
0.677,0.409,0.927,0.443,0.526,Fast,Neutral,Hybrid,3,4,9,7,34.6,High,Data / Technical Team
0.436,0.333,0.863,0.37,0.226,Fast,Neutral,Office,7,4,2,3,36.8,Medium,Data / Technical Team
0.581,0.267,0.896,0.466,0.657,Balanced,Direct,Office,9,3,2,9,41.5,High,Data / Technical Team
0.881,0.29,0.946,0.252,0.735,Balanced,Direct,Hybrid,3,10,9,2,43.6,High,Creative / R&D
0.387,0.546,0.33,0.589,0.353,Fast,Neutral,Remote,2,5,3,3,36.7,Medium,Data / Technical Team
0.508,0.355,0.497,0.251,0.786,Fast,Indirect,Hybrid,7,5,8,2,27.1,High,Data / Technical Team
0.767,0.473,0.769,0.8,0.825,Balanced,Indirect,Office,7,7,9,1,31.9,High,Sales / Client Success
0.372,0.578,0.722,0.375,0.322,Slow,Neutral,Hybrid,4,4,8,4,33.5,Medium,Data / Technical Team
0.258,0.718,0.315,0.605,0.887,Fast,Direct,Office,9,4,4,5,45.5,High,Operations / Admin
0.417,0.229,0.812,0.86,0.213,Slow,Direct,Office,8,9,1,6,53.9,Low,Sales / Client Success
0.321,0.8,0.368,0.688,0.262,Fast,Indirect,Office,1,6,4,5,52.5,Medium,Operations / Admin
0.897,0.671,0.368,0.6,0.247,Slow,Indirect,Hybrid,1,4,9,1,38.3,Medium,Creative / R&D
0.806,0.261,0.603,0.443,0.815,Slow,Neutral,Office,5,2,2,3,11.2,High,Creative / R&D
0.675,0.855,0.645,0.45,0.623,Slow,Indirect,Office,6,6,3,1,43.1,High,Data / Technical Team
0.854,0.891,0.635,0.702,0.222,Balanced,Neutral,Hybrid,3,2,10,5,49.3,Low,Creative / R&D
0.803,0.246,0.269,0.946,0.452,Slow,Indirect,Office,9,5,8,5,52.8,Medium,Creative / R&D
0.34,0.408,0.858,0.696,0.592,Slow,Indirect,Hybrid,10,6,6,6,48.4,Medium,Sales / Client Success
0.869,0.805,0.399,0.618,0.167,Slow,Indirect,Office,6,4,8,8,50.9,Low,Creative / R&D
0.605,0.761,0.297,0.748,0.806,Fast,Direct,Remote,4,3,7,10,60.4,High,Data / Technical Team
0.806,0.338,0.867,0.549,0.743,Slow,Direct,Remote,7,7,5,1,24.2,High,Creative / R&D
0.872,0.357,0.917,0.245,0.504,Fast,Direct,Office,8,2,9,4,20.7,High,Creative / R&D
0.439,0.478,0.847,0.622,0.874,Slow,Indirect,Remote,9,6,4,10,48.3,High,Sales / Client Success
0.283,0.563,0.807,0.918,0.434,Slow,Neutral,Hybrid,6,4,6,1,43.5,Medium,Sales / Client Success
0.371,0.664,0.691,0.331,0.887,Balanced,Neutral,Remote,6,6,2,9,36.1,High,Data / Technical Team
0.52,0.477,0.613,0.718,0.634,Fast,Neutral,Office,8,4,2,7,52.6,Medium,Data / Technical Team
0.814,0.547,0.265,0.351,0.608,Slow,Neutral,Office,5,4,2,7,37.0,High,Creative / R&D
0.846,0.761,0.506,0.602,0.233,Fast,Direct,Hybrid,3,4,10,5,47.4,Medium,Creative / R&D
0.205,0.228,0.48,0.273,0.806,Fast,Direct,Office,3,9,7,7,41.0,High,Data / Technical Team
0.583,0.389,0.395,0.538,0.442,Balanced,Indirect,Hybrid,6,7,2,2,44.5,Medium,Data / Technical Team
0.513,0.735,0.743,0.767,0.23,Balanced,Indirect,Remote,2,3,2,4,36.6,Low,Sales / Client Success
0.367,0.871,0.572,0.461,0.11,Balanced,Neutral,Remote,6,3,9,7,46.0,Medium,Operations / Admin
0.29,0.584,0.261,0.699,0.548,Balanced,Direct,Hybrid,6,6,7,3,51.4,Medium,Data / Technical Team
0.453,0.599,0.365,0.797,0.522,Balanced,Neutral,Hybrid,8,6,3,2,46.4,Medium,Data / Technical Team
0.907,0.28,0.712,0.895,0.675,Balanced,Indirect,Office,7,4,3,10,46.2,Medium,Sales / Client Success
0.442,0.536,0.257,0.376,0.812,Balanced,Indirect,Remote,8,9,7,2,38.1,High,Data / Technical Team
0.589,0.599,0.838,0.499,0.164,Balanced,Neutral,Hybrid,9,4,5,1,32.0,Medium,Data / Technical Team
0.727,0.382,0.571,0.314,0.685,Slow,Indirect,Remote,6,9,10,5,37.4,High,Creative / R&D
0.473,0.402,0.56,0.944,0.25,Fast,Neutral,Hybrid,3,4,6,6,47.9,Low,Data / Technical Team
0.929,0.483,0.644,0.895,0.787,Balanced,Direct,Remote,10,2,8,6,52.6,Medium,Creative / R&D
0.922,0.215,0.819,0.605,0.755,Balanced,Neutral,Office,3,2,9,9,33.9,High,Sales / Client Success
0.389,0.442,0.461,0.832,0.533,Fast,Direct,Remote,1,5,1,4,43.2,Medium,Data / Technical Team
0.573,0.359,0.709,0.591,0.668,Slow,Direct,Remote,5,4,3,1,33.8,High,Data / Technical Team
0.426,0.446,0.624,0.668,0.351,Fast,Indirect,Remote,4,7,7,6,47.7,Medium,Data / Technical Team
0.414,0.29,0.4,0.267,0.477,Fast,Indirect,Remote,9,5,6,5,23.3,High,Data / Technical Team
0.228,0.868,0.859,0.766,0.757,Balanced,Indirect,Remote,9,6,7,10,63.2,High,Sales / Client Success
0.657,0.645,0.798,0.296,0.467,Fast,Neutral,Office,5,10,8,6,48.8,High,Data / Technical Team
0.577,0.709,0.694,0.82,0.386,Fast,Neutral,Hybrid,10,4,6,3,52.1,Medium,Operations / Admin
0.239,0.792,0.838,0.787,0.495,Balanced,Indirect,Remote,4,2,3,2,37.7,Medium,Sales / Client Success
0.409,0.574,0.85,0.732,0.763,Balanced,Neutral,Office,7,10,2,6,63.7,High,Sales / Client Success
0.881,0.265,0.731,0.227,0.368,Balanced,Indirect,Remote,6,9,7,1,30.0,High,Creative / R&D
0.38,0.603,0.828,0.427,0.239,Balanced,Neutral,Remote,4,10,1,7,47.7,Medium,Data / Technical Team
0.309,0.64,0.723,0.397,0.67,Fast,Direct,Hybrid,10,7,3,7,40.7,High,Data / Technical Team
0.567,0.759,0.71,0.47,0.761,Fast,Direct,Remote,2,4,4,10,59.6,High,Operations / Admin
0.939,0.524,0.664,0.266,0.181,Slow,Indirect,Office,1,3,1,7,32.8,Medium,Creative / R&D
0.382,0.296,0.765,0.903,0.292,Slow,Neutral,Office,4,10,5,10,68.2,Low,Sales / Client Success
0.704,0.413,0.319,0.615,0.214,Fast,Neutral,Hybrid,4,3,10,1,22.6,Medium,Creative / R&D
0.771,0.472,0.861,0.429,0.378,Slow,Direct,Remote,1,9,3,4,57.4,Medium,Creative / R&D
0.378,0.684,0.854,0.498,0.46,Fast,Direct,Office,6,5,2,7,51.1,Medium,Data / Technical Team
0.746,0.628,0.222,0.535,0.699,Slow,Indirect,Remote,4,3,3,9,44.2,High,Creative / R&D
0.476,0.467,0.819,0.65,0.621,Balanced,Direct,Remote,1,5,8,5,41.6,Medium,Sales / Client Success
0.674,0.94,0.297,0.587,0.597,Slow,Indirect,Remote,1,2,6,2,44.1,High,Data / Technical Team
0.675,0.654,0.451,0.89,0.382,Balanced,Direct,Hybrid,1,4,7,7,57.2,Low,Data / Technical Team
0.602,0.378,0.758,0.573,0.773,Balanced,Direct,Remote,8,10,6,10,57.8,High,Data / Technical Team
0.268,0.276,0.321,0.944,0.477,Balanced,Neutral,Office,10,2,6,1,34.7,Medium,Data / Technical Team
0.826,0.315,0.813,0.839,0.883,Balanced,Direct,Remote,8,2,3,7,44.6,High,Sales / Client Success
0.441,0.384,0.824,0.356,0.607,Slow,Direct,Office,2,8,8,6,32.9,High,Data / Technical Team
0.34,0.321,0.581,0.898,0.201,Fast,Indirect,Remote,7,1,7,7,39.5,Low,Data / Technical Team
0.231,0.34,0.205,0.287,0.641,Balanced,Direct,Office,8,7,7,10,34.7,High,Data / Technical Team
0.643,0.414,0.415,0.813,0.36,Slow,Indirect,Office,8,5,6,3,46.1,Medium,Data / Technical Team
0.708,0.33,0.663,0.485,0.649,Balanced,Direct,Remote,10,8,5,3,35.8,High,Creative / R&D
0.212,0.873,0.936,0.858,0.156,Slow,Direct,Remote,7,1,10,7,43.6,Low,Sales / Client Success
0.584,0.26,0.674,0.851,0.24,Slow,Indirect,Office,5,7,8,2,39.5,Low,Data / Technical Team
0.37,0.593,0.395,0.804,0.785,Slow,Neutral,Hybrid,1,5,5,1,44.2,High,Data / Technical Team
0.684,0.508,0.676,0.793,0.282,Fast,Indirect,Remote,9,4,9,9,50.5,Low,Data / Technical Team
0.331,0.937,0.605,0.429,0.77,Slow,Indirect,Hybrid,7,7,9,9,51.1,High,Operations / Admin
0.718,0.284,0.785,0.261,0.323,Slow,Indirect,Remote,2,10,1,7,34.2,Medium,Creative / R&D
0.49,0.498,0.28,0.502,0.614,Fast,Neutral,Remote,6,2,6,7,37.4,High,Data / Technical Team
0.903,0.927,0.771,0.33,0.655,Fast,Direct,Remote,2,1,7,3,30.4,High,Creative / R&D
0.303,0.849,0.606,0.721,0.51,Slow,Indirect,Remote,1,1,3,10,50.7,Medium,Operations / Admin
0.456,0.813,0.922,0.46,0.344,Fast,Indirect,Hybrid,7,1,7,2,32.0,Medium,Operations / Admin
0.285,0.393,0.456,0.932,0.27,Balanced,Neutral,Remote,2,5,7,7,53.8,Low,Data / Technical Team
0.894,0.328,0.674,0.681,0.127,Balanced,Indirect,Office,2,10,2,9,61.3,Low,Creative / R&D
0.858,0.701,0.899,0.817,0.343,Fast,Direct,Office,5,7,7,1,50.7,Low,Sales / Client Success
0.393,0.897,0.277,0.299,0.623,Fast,Neutral,Hybrid,5,2,1,4,33.8,High,Operations / Admin
0.695,0.618,0.903,0.847,0.851,Slow,Direct,Remote,7,10,5,6,62.7,High,Sales / Client Success
0.813,0.629,0.716,0.892,0.797,Fast,Direct,Office,1,8,9,7,59.7,High,Sales / Client Success
0.616,0.41,0.251,0.565,0.713,Slow,Neutral,Hybrid,8,4,7,10,37.1,High,Data / Technical Team
0.597,0.777,0.426,0.655,0.731,Balanced,Indirect,Remote,3,3,7,7,53.9,High,Operations / Admin
0.381,0.34,0.731,0.774,0.632,Fast,Direct,Office,4,10,2,10,65.7,Medium,Sales / Client Success
0.27,0.443,0.251,0.331,0.308,Slow,Direct,Office,9,8,8,2,46.1,Medium,Data / Technical Team
0.873,0.519,0.637,0.577,0.826,Slow,Direct,Hybrid,4,2,3,4,46.2,High,Creative / R&D
0.875,0.581,0.459,0.499,0.637,Balanced,Direct,Remote,10,3,8,5,31.7,High,Creative / R&D
0.675,0.382,0.666,0.31,0.548,Fast,Neutral,Remote,5,3,3,1,21.2,High,Data / Technical Team
0.454,0.286,0.234,0.476,0.189,Balanced,Neutral,Office,7,10,10,1,51.7,Medium,Data / Technical Team
0.462,0.658,0.854,0.251,0.458,Slow,Direct,Office,4,1,7,10,36.2,High,Data / Technical Team
0.744,0.416,0.93,0.219,0.468,Slow,Indirect,Office,1,6,2,3,31.5,High,Creative / R&D
0.873,0.636,0.927,0.301,0.792,Fast,Direct,Remote,9,2,4,10,31.6,High,Creative / R&D
0.865,0.316,0.762,0.922,0.537,Slow,Indirect,Hybrid,4,1,6,3,36.6,Medium,Sales / Client Success
0.785,0.561,0.298,0.612,0.404,Fast,Direct,Hybrid,9,2,9,8,52.2,Medium,Creative / R&D
0.682,0.599,0.769,0.924,0.881,Balanced,Indirect,Remote,6,6,5,9,67.0,High,Sales / Client Success
0.263,0.239,0.218,0.524,0.189,Fast,Direct,Hybrid,1,4,9,1,24.3,Medium,Data / Technical Team
0.321,0.452,0.217,0.434,0.438,Fast,Indirect,Office,3,6,5,2,32.9,Medium,Data / Technical Team
0.874,0.301,0.443,0.58,0.134,Slow,Direct,Hybrid,2,9,10,10,47.9,Low,Creative / R&D
0.655,0.248,0.566,0.53,0.692,Slow,Direct,Hybrid,9,10,8,2,37.0,High,Data / Technical Team
0.207,0.942,0.778,0.279,0.834,Fast,Indirect,Hybrid,1,10,1,4,42.3,High,Operations / Admin
0.276,0.442,0.712,0.681,0.324,Slow,Neutral,Office,9,8,7,2,44.4,Medium,Sales / Client Success
0.698,0.807,0.534,0.362,0.787,Slow,Indirect,Remote,9,1,4,7,45.2,High,Data / Technical Team
0.204,0.391,0.405,0.665,0.334,Slow,Neutral,Office,8,8,5,9,55.7,Medium,Data / Technical Team
0.321,0.711,0.948,0.688,0.829,Fast,Direct,Remote,8,9,6,7,66.8,High,Sales / Client Success
0.612,0.77,0.52,0.314,0.703,Slow,Indirect,Remote,1,6,5,6,49.6,High,Data / Technical Team
0.719,0.647,0.539,0.246,0.744,Fast,Indirect,Remote,8,10,1,10,51.4,High,Creative / R&D
0.689,0.554,0.323,0.786,0.114,Slow,Indirect,Hybrid,10,5,9,1,38.4,Low,Data / Technical Team
0.368,0.509,0.796,0.545,0.87,Balanced,Neutral,Hybrid,3,6,2,10,47.2,High,Data / Technical Team
0.734,0.462,0.72,0.244,0.681,Slow,Neutral,Remote,7,6,9,9,32.3,High,Creative / R&D
0.378,0.897,0.366,0.946,0.344,Slow,Direct,Remote,1,9,10,5,67.3,Low,Operations / Admin
0.444,0.823,0.262,0.243,0.764,Fast,Neutral,Hybrid,1,4,2,5,23.5,High,Operations / Admin
0.76,0.924,0.71,0.721,0.325,Fast,Neutral,Office,10,2,9,6,52.5,Medium,Sales / Client Success
0.687,0.293,0.691,0.938,0.798,Slow,Direct,Remote,5,9,6,9,61.2,Medium,Data / Technical Team
0.837,0.748,0.405,0.379,0.19,Balanced,Indirect,Office,5,2,9,8,42.8,Medium,Creative / R&D
0.693,0.904,0.913,0.307,0.663,Slow,Indirect,Hybrid,8,10,6,8,63.0,High,Data / Technical Team
0.626,0.336,0.313,0.291,0.533,Slow,Direct,Remote,7,9,6,8,45.0,High,Data / Technical Team
0.27,0.25,0.524,0.427,0.177,Balanced,Indirect,Office,8,2,2,1,29.3,Medium,Data / Technical Team
0.476,0.756,0.908,0.276,0.294,Fast,Neutral,Office,6,8,8,1,42.6,Medium,Operations / Admin
0.399,0.631,0.515,0.719,0.11,Slow,Direct,Office,6,9,3,8,56.8,Low,Data / Technical Team
0.383,0.831,0.679,0.247,0.475,Fast,Direct,Hybrid,2,10,7,5,49.1,High,Operations / Admin
0.93,0.305,0.498,0.582,0.341,Fast,Direct,Hybrid,6,9,5,9,40.8,Medium,Creative / R&D
0.495,0.796,0.406,0.948,0.579,Balanced,Indirect,Office,5,10,3,2,58.1,Medium,Operations / Admin
0.869,0.351,0.938,0.81,0.338,Balanced,Direct,Office,3,9,1,9,56.9,Low,Sales / Client Success
0.673,0.323,0.507,0.661,0.34,Fast,Direct,Hybrid,6,2,8,8,41.7,Medium,Data / Technical Team
0.796,0.323,0.871,0.43,0.695,Slow,Direct,Office,8,4,3,9,35.0,High,Creative / R&D
0.577,0.811,0.372,0.668,0.139,Fast,Indirect,Office,9,7,2,4,46.7,Low,Operations / Admin
0.633,0.699,0.36,0.595,0.822,Slow,Neutral,Hybrid,1,2,1,1,24.9,High,Data / Technical Team
0.569,0.592,0.223,0.52,0.782,Slow,Direct,Office,3,1,4,1,25.4,High,Data / Technical Team
0.346,0.469,0.689,0.298,0.634,Balanced,Neutral,Office,3,3,8,5,40.1,High,Data / Technical Team
0.742,0.858,0.476,0.865,0.575,Slow,Indirect,Office,8,4,3,2,51.1,Medium,Creative / R&D
0.411,0.494,0.848,0.537,0.814,Slow,Indirect,Hybrid,1,8,1,8,56.0,High,Data / Technical Team
0.218,0.812,0.555,0.346,0.248,Fast,Indirect,Office,5,6,4,10,47.4,Medium,Operations / Admin
0.684,0.529,0.926,0.476,0.163,Balanced,Indirect,Hybrid,3,2,9,5,26.1,Medium,Data / Technical Team
0.333,0.483,0.339,0.511,0.292,Slow,Neutral,Hybrid,2,9,1,5,41.8,Medium,Data / Technical Team
0.905,0.547,0.851,0.821,0.736,Slow,Direct,Remote,8,2,2,2,38.0,Medium,Sales / Client Success
0.915,0.426,0.782,0.75,0.128,Balanced,Indirect,Remote,3,5,9,7,37.8,Low,Sales / Client Success
0.886,0.761,0.778,0.777,0.566,Fast,Indirect,Office,7,4,2,8,49.6,Medium,Sales / Client Success
0.478,0.577,0.834,0.208,0.896,Balanced,Neutral,Hybrid,1,7,3,10,42.8,High,Data / Technical Team
0.212,0.374,0.771,0.512,0.785,Balanced,Neutral,Remote,6,8,7,1,31.2,High,Data / Technical Team
0.896,0.875,0.67,0.561,0.517,Slow,Indirect,Office,3,5,3,2,33.9,Medium,Creative / R&D
0.521,0.488,0.298,0.214,0.151,Slow,Direct,Remote,8,10,9,10,51.6,Medium,Data / Technical Team
0.925,0.608,0.224,0.395,0.765,Fast,Direct,Remote,6,5,6,4,38.3,High,Creative / R&D
0.923,0.88,0.891,0.77,0.579,Slow,Indirect,Hybrid,2,2,3,5,52.2,Medium,Sales / Client Success
0.84,0.668,0.662,0.303,0.192,Slow,Neutral,Hybrid,6,8,9,2,34.4,Medium,Creative / R&D
0.421,0.288,0.797,0.601,0.175,Balanced,Indirect,Remote,7,2,1,1,30.1,Low,Sales / Client Success
0.489,0.905,0.561,0.361,0.828,Slow,Indirect,Remote,5,10,10,9,68.3,High,Operations / Admin
0.838,0.671,0.288,0.209,0.635,Fast,Neutral,Hybrid,3,6,3,1,33.5,High,Creative / R&D
0.438,0.451,0.294,0.381,0.763,Balanced,Indirect,Office,4,8,1,4,37.5,High,Data / Technical Team
0.327,0.304,0.714,0.932,0.803,Fast,Indirect,Hybrid,4,6,2,2,45.1,Medium,Sales / Client Success
0.618,0.796,0.523,0.801,0.557,Balanced,Indirect,Remote,6,4,8,4,46.7,Medium,Data / Technical Team
0.902,0.665,0.35,0.92,0.514,Slow,Neutral,Office,10,4,7,8,52.2,Medium,Creative / R&D
0.722,0.6,0.569,0.566,0.444,Balanced,Direct,Remote,1,6,2,8,53.6,Medium,Creative / R&D
0.628,0.87,0.248,0.282,0.354,Balanced,Direct,Office,4,4,2,9,45.3,Medium,Data / Technical Team
0.273,0.791,0.636,0.611,0.448,Slow,Neutral,Remote,10,8,9,5,60.6,Medium,Operations / Admin
0.661,0.314,0.402,0.541,0.719,Slow,Direct,Office,4,9,6,7,46.1,High,Data / Technical Team
0.943,0.434,0.798,0.833,0.582,Fast,Indirect,Office,10,1,5,3,34.3,Medium,Sales / Client Success
0.305,0.386,0.433,0.274,0.814,Fast,Direct,Remote,1,4,10,10,34.7,High,Data / Technical Team
0.589,0.758,0.541,0.566,0.455,Slow,Indirect,Office,9,4,6,4,37.7,Medium,Operations / Admin
0.858,0.225,0.209,0.313,0.586,Slow,Direct,Hybrid,4,2,9,10,35.4,High,Creative / R&D
0.756,0.627,0.254,0.444,0.605,Slow,Neutral,Remote,7,6,7,9,60.1,High,Creative / R&D
0.723,0.772,0.494,0.753,0.573,Balanced,Direct,Hybrid,3,3,10,10,53.4,Medium,Creative / R&D
0.727,0.858,0.56,0.557,0.662,Balanced,Direct,Remote,10,7,10,10,56.7,High,Creative / R&D
0.47,0.457,0.65,0.482,0.29,Balanced,Direct,Office,3,5,9,1,29.0,Medium,Data / Technical Team
0.42,0.816,0.419,0.496,0.51,Slow,Neutral,Office,8,4,4,2,36.3,Medium,Operations / Admin
0.807,0.283,0.721,0.545,0.183,Fast,Direct,Office,8,5,2,5,45.0,Medium,Creative / R&D
0.808,0.835,0.845,0.789,0.408,Slow,Neutral,Remote,1,8,8,3,53.3,Medium,Sales / Client Success
0.85,0.296,0.785,0.869,0.49,Balanced,Indirect,Hybrid,10,3,4,2,33.7,Medium,Sales / Client Success
0.885,0.498,0.23,0.917,0.622,Balanced,Direct,Hybrid,2,7,9,1,42.2,Medium,Creative / R&D
0.584,0.798,0.56,0.79,0.86,Slow,Neutral,Remote,8,6,4,10,64.2,High,Operations / Admin
0.576,0.312,0.279,0.437,0.581,Slow,Neutral,Remote,1,1,8,3,23.3,High,Data / Technical Team
0.799,0.372,0.382,0.716,0.695,Balanced,Direct,Hybrid,8,7,9,1,35.2,High,Creative / R&D
0.687,0.742,0.94,0.528,0.505,Balanced,Indirect,Hybrid,8,7,9,1,39.1,Medium,Data / Technical Team
0.726,0.74,0.307,0.391,0.607,Balanced,Neutral,Hybrid,2,1,10,1,35.7,High,Creative / R&D
0.797,0.681,0.574,0.831,0.157,Slow,Direct,Hybrid,4,9,4,8,64.6,Low,Creative / R&D
0.868,0.72,0.664,0.229,0.304,Balanced,Indirect,Remote,6,6,1,3,37.1,Medium,Creative / R&D
0.453,0.607,0.727,0.876,0.389,Balanced,Neutral,Remote,9,2,3,1,40.1,Medium,Sales / Client Success
0.482,0.389,0.62,0.546,0.478,Fast,Neutral,Office,8,5,9,7,48.9,Medium,Data / Technical Team
0.27,0.459,0.207,0.678,0.137,Slow,Indirect,Hybrid,8,4,4,10,43.9,Low,Data / Technical Team
0.634,0.336,0.445,0.695,0.212,Fast,Indirect,Office,7,7,5,3,40.6,Low,Data / Technical Team
0.227,0.881,0.588,0.871,0.321,Fast,Direct,Remote,9,8,7,8,66.6,Low,Operations / Admin
0.549,0.638,0.266,0.678,0.877,Balanced,Direct,Remote,2,1,5,4,29.1,High,Data / Technical Team
0.607,0.501,0.463,0.66,0.365,Slow,Neutral,Office,3,5,4,4,37.9,Medium,Data / Technical Team
0.415,0.547,0.225,0.25,0.486,Balanced,Indirect,Hybrid,10,3,2,5,35.9,High,Data / Technical Team
0.643,0.91,0.259,0.589,0.257,Slow,Indirect,Hybrid,8,1,2,6,47.7,Medium,Data / Technical Team
0.223,0.315,0.498,0.313,0.589,Fast,Indirect,Hybrid,6,3,4,7,35.3,High,Data / Technical Team
0.228,0.64,0.3,0.753,0.325,Slow,Neutral,Hybrid,10,6,10,4,46.7,Medium,Data / Technical Team
0.817,0.579,0.626,0.584,0.266,Balanced,Indirect,Office,9,7,10,8,49.9,Medium,Creative / R&D
0.47,0.659,0.717,0.71,0.513,Balanced,Indirect,Office,10,8,9,6,47.0,Medium,Sales / Client Success
0.295,0.214,0.8,0.231,0.104,Balanced,Neutral,Remote,4,4,8,1,24.2,Medium,Data / Technical Team
0.592,0.854,0.35,0.264,0.106,Slow,Direct,Hybrid,8,3,3,1,36.7,Medium,Operations / Admin
0.777,0.899,0.326,0.737,0.275,Fast,Direct,Hybrid,10,5,9,9,65.3,Low,Creative / R&D
0.362,0.624,0.278,0.254,0.129,Fast,Neutral,Hybrid,3,9,5,10,59.9,Medium,Data / Technical Team
0.667,0.722,0.677,0.253,0.186,Slow,Indirect,Office,3,6,3,6,43.9,Medium,Data / Technical Team
0.264,0.892,0.73,0.209,0.371,Balanced,Neutral,Hybrid,8,9,5,10,63.8,High,Operations / Admin
0.239,0.73,0.224,0.917,0.742,Fast,Direct,Office,5,6,10,8,60.5,Medium,Operations / Admin
0.599,0.314,0.902,0.753,0.558,Balanced,Direct,Hybrid,3,2,4,7,30.8,Medium,Sales / Client Success
0.605,0.632,0.239,0.465,0.51,Slow,Neutral,Hybrid,10,5,8,6,47.6,Medium,Data / Technical Team
0.678,0.655,0.606,0.422,0.335,Balanced,Neutral,Remote,1,9,5,4,38.6,Medium,Data / Technical Team
0.745,0.518,0.732,0.462,0.845,Fast,Direct,Hybrid,3,8,10,7,49.3,High,Creative / R&D
0.932,0.752,0.853,0.781,0.418,Fast,Neutral,Hybrid,9,7,8,9,66.8,Medium,Sales / Client Success
0.587,0.901,0.736,0.696,0.17,Balanced,Direct,Remote,5,1,9,10,54.0,Low,Sales / Client Success
0.442,0.894,0.801,0.339,0.594,Slow,Neutral,Office,10,4,4,10,60.7,High,Operations / Admin
0.796,0.538,0.455,0.331,0.191,Balanced,Neutral,Office,2,7,7,7,33.7,Medium,Creative / R&D
0.403,0.285,0.811,0.274,0.376,Slow,Neutral,Hybrid,7,7,2,1,27.6,Medium,Data / Technical Team
0.529,0.939,0.26,0.695,0.506,Balanced,Direct,Office,2,6,6,10,63.2,Medium,Operations / Admin
0.259,0.829,0.871,0.773,0.799,Fast,Neutral,Hybrid,4,8,8,9,58.7,High,Sales / Client Success
0.219,0.293,0.611,0.399,0.495,Slow,Direct,Remote,7,6,7,4,28.1,High,Data / Technical Team
0.922,0.891,0.813,0.216,0.662,Slow,Direct,Remote,4,10,7,3,43.5,High,Creative / R&D
0.827,0.852,0.539,0.262,0.894,Slow,Neutral,Hybrid,7,3,8,4,30.1,High,Creative / R&D
0.722,0.589,0.683,0.926,0.205,Fast,Neutral,Remote,7,4,7,4,48.4,Low,Creative / R&D
0.507,0.643,0.595,0.422,0.32,Balanced,Direct,Remote,1,3,5,10,41.4,Medium,Data / Technical Team
0.33,0.499,0.749,0.777,0.416,Fast,Direct,Hybrid,6,1,7,2,36.0,Medium,Sales / Client Success
0.317,0.241,0.261,0.668,0.437,Slow,Indirect,Hybrid,9,10,10,1,46.3,Medium,Data / Technical Team
0.388,0.451,0.245,0.486,0.429,Balanced,Direct,Remote,2,5,3,10,49.1,Medium,Data / Technical Team
0.612,0.802,0.385,0.354,0.826,Fast,Indirect,Office,3,1,5,1,26.3,High,Data / Technical Team
0.736,0.203,0.32,0.291,0.671,Slow,Indirect,Office,10,1,7,8,26.8,High,Creative / R&D
0.695,0.45,0.854,0.661,0.586,Slow,Indirect,Hybrid,5,2,9,2,37.7,Medium,Sales / Client Success
0.41,0.499,0.364,0.781,0.347,Fast,Neutral,Hybrid,9,4,2,10,54.7,Medium,Data / Technical Team
0.916,0.603,0.932,0.683,0.759,Fast,Neutral,Office,4,6,4,5,57.9,High,Sales / Client Success
0.753,0.89,0.453,0.598,0.864,Fast,Direct,Remote,1,8,7,4,59.7,High,Creative / R&D
0.616,0.46,0.337,0.231,0.757,Slow,Indirect,Office,4,3,1,8,41.6,High,Data / Technical Team
0.659,0.46,0.792,0.926,0.101,Fast,Neutral,Office,6,1,2,2,24.9,Low,Sales / Client Success
0.515,0.753,0.694,0.799,0.609,Slow,Neutral,Office,5,3,9,10,56.5,Medium,Operations / Admin
0.386,0.539,0.574,0.42,0.141,Fast,Neutral,Office,1,3,10,9,39.2,Medium,Data / Technical Team
0.467,0.368,0.617,0.935,0.306,Slow,Neutral,Hybrid,4,5,7,7,50.6,Low,Data / Technical Team
0.768,0.539,0.739,0.651,0.148,Slow,Neutral,Hybrid,6,4,10,7,41.5,Low,Sales / Client Success
0.211,0.306,0.371,0.637,0.583,Balanced,Indirect,Remote,10,4,7,1,33.5,Medium,Data / Technical Team
0.287,0.332,0.947,0.761,0.649,Fast,Indirect,Remote,10,9,6,2,37.6,Medium,Sales / Client Success
0.235,0.574,0.931,0.809,0.192,Fast,Indirect,Remote,4,7,3,4,53.7,Low,Sales / Client Success
0.231,0.514,0.688,0.692,0.407,Slow,Indirect,Remote,9,4,10,4,37.7,Medium,Data / Technical Team
0.842,0.886,0.35,0.296,0.465,Slow,Direct,Office,5,3,3,3,33.1,High,Creative / R&D
0.728,0.472,0.71,0.454,0.395,Slow,Indirect,Hybrid,8,6,2,7,45.5,Medium,Creative / R&D
0.556,0.635,0.254,0.896,0.197,Balanced,Neutral,Hybrid,9,3,6,8,53.5,Low,Data / Technical Team
0.273,0.674,0.223,0.368,0.435,Balanced,Indirect,Remote,10,6,4,2,42.9,Medium,Data / Technical Team
0.569,0.21,0.393,0.479,0.701,Slow,Direct,Remote,5,9,5,4,35.3,High,Data / Technical Team
0.555,0.698,0.547,0.524,0.157,Fast,Neutral,Office,6,6,3,3,43.2,Medium,Data / Technical Team
0.33,0.334,0.851,0.53,0.164,Fast,Indirect,Office,1,4,6,2,35.4,Medium,Data / Technical Team
0.525,0.921,0.745,0.66,0.384,Balanced,Indirect,Remote,7,5,3,6,55.7,Medium,Sales / Client Success
0.499,0.311,0.757,0.907,0.853,Balanced,Indirect,Hybrid,4,6,8,4,49.0,High,Sales / Client Success
0.662,0.511,0.519,0.381,0.635,Slow,Neutral,Hybrid,2,3,9,6,40.3,High,Data / Technical Team
0.676,0.264,0.459,0.291,0.643,Fast,Neutral,Hybrid,5,8,4,2,29.5,High,Data / Technical Team
0.234,0.948,0.478,0.348,0.39,Slow,Direct,Remote,3,4,9,4,38.6,Medium,Operations / Admin
0.481,0.577,0.941,0.865,0.575,Balanced,Neutral,Hybrid,6,8,7,6,61.0,Medium,Sales / Client Success
0.669,0.647,0.23,0.684,0.108,Fast,Neutral,Office,8,10,3,5,56.8,Low,Data / Technical Team
0.577,0.25,0.85,0.414,0.609,Fast,Indirect,Office,7,10,7,3,45.5,High,Data / Technical Team
0.842,0.762,0.634,0.812,0.831,Balanced,Neutral,Remote,3,3,1,8,55.4,High,Creative / R&D
0.694,0.357,0.529,0.846,0.59,Slow,Indirect,Office,8,10,3,7,55.7,Medium,Data / Technical Team
0.322,0.874,0.744,0.835,0.799,Slow,Indirect,Remote,2,7,6,3,58.5,High,Sales / Client Success
0.253,0.354,0.565,0.889,0.679,Fast,Neutral,Hybrid,10,9,4,6,51.8,Medium,Data / Technical Team
0.682,0.343,0.855,0.389,0.196,Balanced,Direct,Hybrid,9,4,7,4,35.3,Medium,Data / Technical Team
0.22,0.227,0.876,0.766,0.822,Fast,Direct,Hybrid,4,8,3,5,40.2,High,Sales / Client Success
0.639,0.554,0.516,0.545,0.153,Balanced,Neutral,Office,1,3,1,5,44.3,Low,Data / Technical Team
0.905,0.624,0.408,0.831,0.527,Slow,Direct,Remote,8,7,9,7,59.4,Medium,Creative / R&D
0.632,0.249,0.644,0.746,0.214,Balanced,Indirect,Hybrid,7,3,6,5,36.3,Low,Data / Technical Team
0.491,0.782,0.884,0.782,0.109,Slow,Indirect,Remote,5,7,8,3,57.5,Low,Sales / Client Success
0.682,0.54,0.358,0.692,0.438,Balanced,Neutral,Hybrid,10,10,3,10,65.7,Medium,Data / Technical Team
0.544,0.593,0.667,0.333,0.336,Fast,Direct,Office,5,10,8,5,54.3,Medium,Data / Technical Team
0.609,0.531,0.674,0.609,0.489,Slow,Direct,Office,7,6,2,7,55.0,Medium,Data / Technical Team
0.906,0.501,0.75,0.939,0.562,Fast,Indirect,Remote,5,2,4,5,46.8,Medium,Sales / Client Success
0.49,0.62,0.299,0.903,0.135,Fast,Neutral,Office,8,3,3,5,44.1,Low,Data / Technical Team
0.921,0.316,0.737,0.232,0.198,Slow,Direct,Office,6,6,10,9,34.9,Medium,Creative / R&D
0.879,0.336,0.882,0.324,0.547,Slow,Neutral,Remote,5,4,1,3,27.0,High,Creative / R&D
0.347,0.846,0.335,0.299,0.375,Fast,Direct,Hybrid,9,6,7,6,50.8,Medium,Operations / Admin
0.252,0.91,0.378,0.744,0.683,Fast,Indirect,Office,2,1,10,1,38.0,Medium,Operations / Admin
0.276,0.48,0.929,0.813,0.622,Fast,Indirect,Remote,1,10,2,10,63.1,Medium,Sales / Client Success
0.214,0.403,0.336,0.36,0.776,Fast,Neutral,Office,8,1,4,5,35.8,High,Data / Technical Team
0.271,0.683,0.841,0.579,0.654,Slow,Indirect,Office,3,3,9,8,45.6,High,Data / Technical Team
0.712,0.507,0.569,0.831,0.444,Slow,Direct,Office,7,8,6,5,51.2,Medium,Creative / R&D
0.253,0.219,0.385,0.75,0.638,Fast,Indirect,Office,10,8,8,9,56.5,Medium,Data / Technical Team
0.439,0.317,0.853,0.607,0.32,Balanced,Neutral,Remote,8,4,2,6,38.2,Medium,Sales / Client Success
0.834,0.737,0.534,0.643,0.345,Balanced,Neutral,Remote,6,6,7,8,47.9,Medium,Creative / R&D
0.217,0.694,0.586,0.581,0.731,Slow,Neutral,Remote,10,8,6,10,64.6,High,Data / Technical Team
0.811,0.22,0.469,0.423,0.457,Fast,Direct,Office,9,7,9,8,37.2,Medium,Creative / R&D
0.411,0.366,0.645,0.624,0.739,Fast,Direct,Office,7,7,7,3,41.6,High,Data / Technical Team
0.289,0.373,0.323,0.717,0.758,Slow,Direct,Office,10,4,1,7,43.5,High,Data / Technical Team
0.723,0.704,0.493,0.855,0.786,Balanced,Direct,Remote,5,9,8,7,65.1,High,Creative / R&D
0.672,0.215,0.927,0.677,0.833,Balanced,Direct,Office,8,10,10,10,45.3,High,Sales / Client Success
0.858,0.278,0.394,0.771,0.445,Balanced,Indirect,Hybrid,2,6,3,6,44.2,Medium,Creative / R&D
0.751,0.8,0.693,0.32,0.355,Slow,Direct,Office,7,3,2,7,46.1,Medium,Creative / R&D
0.803,0.334,0.444,0.546,0.566,Balanced,Direct,Hybrid,4,5,3,2,39.7,High,Creative / R&D
0.412,0.69,0.78,0.207,0.397,Slow,Indirect,Office,9,5,6,9,37.5,High,Data / Technical Team
0.333,0.379,0.298,0.385,0.581,Slow,Direct,Remote,1,5,3,10,46.8,High,Data / Technical Team
0.763,0.275,0.927,0.745,0.664,Fast,Neutral,Office,7,8,10,10,51.3,Medium,Sales / Client Success
0.805,0.382,0.54,0.944,0.651,Balanced,Direct,Hybrid,6,9,5,1,48.9,Medium,Creative / R&D
0.943,0.742,0.377,0.274,0.4,Slow,Direct,Hybrid,8,9,6,1,39.6,High,Creative / R&D
0.509,0.842,0.255,0.501,0.233,Balanced,Neutral,Office,5,6,8,3,46.4,Medium,Operations / Admin
0.479,0.823,0.327,0.8,0.444,Balanced,Neutral,Hybrid,1,6,7,3,58.0,Medium,Operations / Admin
0.782,0.498,0.59,0.353,0.214,Fast,Neutral,Hybrid,1,9,8,1,39.6,Medium,Creative / R&D
0.456,0.701,0.453,0.616,0.812,Balanced,Neutral,Remote,9,4,3,7,47.3,High,Operations / Admin
0.898,0.354,0.822,0.75,0.377,Fast,Direct,Office,10,6,4,4,48.7,Medium,Sales / Client Success
0.844,0.42,0.523,0.662,0.224,Slow,Neutral,Office,6,4,6,10,43.9,Low,Creative / R&D
0.522,0.872,0.387,0.341,0.12,Balanced,Neutral,Office,10,1,7,2,30.6,Medium,Operations / Admin
0.763,0.21,0.663,0.467,0.617,Slow,Indirect,Hybrid,5,7,9,10,49.9,High,Creative / R&D
0.766,0.264,0.73,0.788,0.61,Balanced,Neutral,Office,1,10,1,5,55.1,Medium,Sales / Client Success
0.277,0.356,0.325,0.616,0.372,Slow,Neutral,Office,6,6,8,6,41.2,Medium,Data / Technical Team
0.877,0.22,0.326,0.204,0.157,Balanced,Indirect,Remote,6,9,8,9,33.4,Medium,Creative / R&D
0.579,0.336,0.228,0.771,0.428,Balanced,Indirect,Remote,3,7,6,4,47.5,Medium,Data / Technical Team
0.82,0.637,0.752,0.226,0.349,Balanced,Direct,Remote,8,7,4,2,27.5,Medium,Creative / R&D
0.44,0.516,0.698,0.759,0.642,Balanced,Indirect,Hybrid,1,2,3,5,39.7,Medium,Data / Technical Team
0.872,0.87,0.556,0.352,0.585,Balanced,Direct,Office,1,9,3,3,54.6,High,Creative / R&D
0.492,0.813,0.833,0.919,0.392,Balanced,Indirect,Remote,6,10,6,2,65.2,Low,Sales / Client Success
0.208,0.456,0.804,0.476,0.274,Balanced,Indirect,Remote,10,9,8,1,30.4,Medium,Data / Technical Team
0.879,0.395,0.639,0.445,0.89,Balanced,Direct,Remote,1,6,7,10,47.0,High,Creative / R&D
0.268,0.485,0.851,0.312,0.463,Balanced,Indirect,Office,6,3,1,2,24.9,High,Data / Technical Team
0.439,0.643,0.354,0.429,0.651,Slow,Direct,Office,1,1,6,6,28.2,High,Data / Technical Team
0.913,0.401,0.284,0.857,0.212,Fast,Indirect,Office,6,4,7,8,51.1,Low,Creative / R&D
0.913,0.668,0.402,0.947,0.488,Balanced,Neutral,Hybrid,3,3,7,3,45.1,Medium,Creative / R&D
0.63,0.507,0.243,0.476,0.122,Fast,Indirect,Hybrid,8,1,9,9,35.1,Medium,Data / Technical Team
0.674,0.614,0.598,0.536,0.504,Balanced,Direct,Remote,6,3,10,9,45.8,Medium,Data / Technical Team
0.536,0.527,0.902,0.742,0.871,Balanced,Indirect,Office,1,4,5,2,37.0,High,Sales / Client Success
0.42,0.421,0.23,0.865,0.407,Slow,Direct,Remote,5,8,1,8,58.5,Medium,Data / Technical Team
0.446,0.911,0.292,0.645,0.131,Slow,Direct,Office,8,9,2,10,64.4,Low,Operations / Admin
0.704,0.773,0.539,0.494,0.125,Fast,Neutral,Office,3,3,4,5,38.6,Low,Creative / R&D
0.764,0.305,0.9,0.509,0.41,Slow,Neutral,Office,6,6,5,4,41.8,Medium,Creative / R&D
0.794,0.851,0.437,0.722,0.228,Slow,Direct,Hybrid,5,10,9,10,75.5,Low,Creative / R&D
0.792,0.566,0.58,0.202,0.119,Fast,Indirect,Hybrid,6,5,1,5,25.3,Medium,Creative / R&D
0.268,0.871,0.231,0.665,0.705,Slow,Direct,Office,10,6,3,4,55.8,High,Operations / Admin
0.571,0.8,0.311,0.467,0.467,Balanced,Direct,Remote,1,4,5,8,54.7,Medium,Operations / Admin
0.243,0.519,0.94,0.796,0.331,Fast,Indirect,Office,7,10,3,4,64.1,Medium,Sales / Client Success
0.612,0.217,0.924,0.27,0.82,Fast,Indirect,Office,9,6,4,10,40.7,High,Data / Technical Team
0.531,0.402,0.204,0.641,0.193,Balanced,Indirect,Remote,2,7,3,6,41.8,Low,Data / Technical Team
0.866,0.606,0.914,0.561,0.865,Slow,Indirect,Office,10,9,4,2,50.3,High,Creative / R&D
0.463,0.675,0.679,0.682,0.351,Fast,Direct,Remote,5,10,1,5,53.7,Medium,Data / Technical Team
0.288,0.393,0.851,0.249,0.811,Fast,Direct,Hybrid,10,7,8,6,35.4,High,Data / Technical Team
0.307,0.305,0.541,0.635,0.582,Balanced,Neutral,Hybrid,4,6,4,5,43.4,Medium,Data / Technical Team
0.771,0.826,0.587,0.621,0.761,Balanced,Direct,Remote,6,1,7,2,33.0,High,Creative / R&D
0.664,0.938,0.567,0.62,0.887,Slow,Indirect,Hybrid,6,2,2,7,43.0,High,Data / Technical Team
0.276,0.594,0.7,0.653,0.331,Fast,Neutral,Hybrid,2,1,2,4,38.5,Medium,Data / Technical Team
0.263,0.329,0.305,0.707,0.869,Slow,Indirect,Remote,2,9,6,8,63.6,High,Data / Technical Team
0.726,0.404,0.222,0.804,0.412,Slow,Direct,Hybrid,4,10,2,7,64.9,Medium,Creative / R&D
0.255,0.214,0.431,0.402,0.408,Balanced,Neutral,Office,1,10,6,7,48.4,Medium,Data / Technical Team
0.816,0.886,0.729,0.819,0.372,Fast,Indirect,Office,9,9,2,9,74.6,Medium,Sales / Client Success
0.73,0.288,0.351,0.574,0.533,Fast,Neutral,Remote,7,7,4,1,38.8,Medium,Creative / R&D
0.261,0.632,0.705,0.258,0.223,Fast,Neutral,Hybrid,7,2,7,10,40.3,Medium,Data / Technical Team
0.264,0.406,0.927,0.244,0.543,Balanced,Direct,Office,3,6,8,6,39.7,High,Data / Technical Team
0.94,0.616,0.27,0.451,0.533,Balanced,Indirect,Office,3,4,3,6,33.8,High,Creative / R&D
0.481,0.689,0.704,0.789,0.71,Balanced,Neutral,Hybrid,1,1,9,6,45.5,Medium,Sales / Client Success
0.478,0.822,0.533,0.731,0.767,Balanced,Neutral,Hybrid,3,1,2,6,45.3,High,Operations / Admin
0.81,0.355,0.851,0.791,0.452,Balanced,Indirect,Office,3,5,8,10,52.3,Medium,Sales / Client Success
0.91,0.208,0.333,0.588,0.342,Fast,Neutral,Office,4,2,8,7,31.1,Medium,Creative / R&D
0.94,0.303,0.719,0.53,0.307,Slow,Neutral,Remote,4,4,4,10,44.9,Medium,Creative / R&D
0.765,0.875,0.829,0.311,0.256,Fast,Neutral,Remote,3,1,1,6,32.2,Medium,Creative / R&D
0.482,0.855,0.908,0.446,0.146,Slow,Indirect,Office,10,4,1,1,35.1,Medium,Operations / Admin
0.263,0.648,0.712,0.526,0.374,Balanced,Indirect,Remote,8,6,2,3,39.3,Medium,Data / Technical Team
0.783,0.65,0.573,0.266,0.316,Slow,Indirect,Office,8,10,9,2,47.0,Medium,Creative / R&D
0.619,0.699,0.663,0.365,0.873,Fast,Indirect,Office,1,4,2,6,40.0,High,Data / Technical Team
0.518,0.332,0.852,0.649,0.546,Fast,Direct,Remote,7,1,2,8,34.6,Medium,Sales / Client Success
0.88,0.886,0.628,0.752,0.378,Slow,Neutral,Remote,2,7,6,3,53.2,Medium,Creative / R&D
0.283,0.514,0.223,0.949,0.564,Balanced,Indirect,Hybrid,1,2,7,10,53.0,Medium,Data / Technical Team
0.569,0.487,0.898,0.9,0.211,Balanced,Neutral,Hybrid,3,9,7,8,70.4,Low,Sales / Client Success
0.209,0.589,0.717,0.682,0.455,Fast,Neutral,Hybrid,4,3,9,8,40.6,Medium,Sales / Client Success
0.551,0.235,0.707,0.516,0.601,Slow,Direct,Office,6,8,6,5,44.5,High,Data / Technical Team
0.242,0.325,0.362,0.677,0.491,Balanced,Indirect,Remote,10,8,8,8,53.8,Medium,Data / Technical Team
0.289,0.754,0.694,0.789,0.421,Balanced,Indirect,Office,5,3,6,6,45.4,Medium,Operations / Admin
0.288,0.262,0.495,0.289,0.895,Fast,Neutral,Remote,4,4,2,5,35.3,High,Data / Technical Team
0.687,0.652,0.688,0.507,0.804,Balanced,Indirect,Office,8,2,1,9,45.9,High,Data / Technical Team
0.76,0.384,0.28,0.83,0.599,Slow,Neutral,Hybrid,4,4,5,7,44.4,Medium,Creative / R&D
0.638,0.492,0.693,0.488,0.556,Fast,Neutral,Hybrid,10,9,9,8,42.7,High,Data / Technical Team
0.922,0.417,0.95,0.629,0.597,Fast,Direct,Hybrid,2,2,8,1,30.7,Medium,Sales / Client Success
0.481,0.467,0.236,0.641,0.261,Slow,Direct,Office,3,3,4,2,34.1,Medium,Data / Technical Team
0.414,0.739,0.933,0.338,0.416,Fast,Direct,Remote,6,4,5,8,38.1,Medium,Operations / Admin
0.851,0.423,0.505,0.472,0.132,Balanced,Neutral,Remote,8,5,5,9,38.5,Medium,Creative / R&D
0.368,0.625,0.853,0.451,0.48,Balanced,Indirect,Hybrid,8,1,6,4,36.1,Medium,Data / Technical Team
0.922,0.557,0.787,0.22,0.534,Slow,Direct,Hybrid,9,7,3,10,35.9,High,Creative / R&D
0.209,0.698,0.625,0.218,0.282,Balanced,Indirect,Hybrid,7,10,5,10,56.0,Medium,Data / Technical Team
0.927,0.903,0.754,0.824,0.871,Slow,Direct,Hybrid,2,7,2,9,65.2,High,Sales / Client Success
0.232,0.749,0.859,0.405,0.828,Slow,Direct,Remote,8,9,10,4,51.6,High,Operations / Admin
0.868,0.361,0.503,0.589,0.678,Balanced,Neutral,Office,7,4,1,10,43.5,High,Creative / R&D
0.596,0.223,0.445,0.424,0.527,Slow,Direct,Office,8,6,1,10,43.5,High,Data / Technical Team
0.945,0.397,0.701,0.906,0.796,Balanced,Direct,Office,3,2,10,10,45.9,Medium,Sales / Client Success
0.255,0.646,0.806,0.394,0.205,Fast,Neutral,Office,7,4,7,9,44.0,Medium,Data / Technical Team
0.615,0.239,0.772,0.522,0.732,Fast,Indirect,Hybrid,10,2,2,7,34.8,High,Data / Technical Team
0.927,0.572,0.798,0.855,0.2,Slow,Direct,Hybrid,9,10,4,2,56.6,Low,Sales / Client Success
0.592,0.648,0.527,0.831,0.735,Balanced,Neutral,Hybrid,3,5,5,9,59.1,Medium,Data / Technical Team
0.672,0.451,0.813,0.34,0.321,Balanced,Direct,Office,10,7,7,4,32.9,Medium,Data / Technical Team
0.722,0.778,0.29,0.802,0.802,Fast,Neutral,Hybrid,6,1,2,8,46.7,High,Creative / R&D
0.541,0.28,0.608,0.544,0.855,Fast,Indirect,Hybrid,2,10,6,7,46.8,High,Data / Technical Team
0.671,0.256,0.204,0.562,0.219,Balanced,Indirect,Remote,2,10,1,7,48.3,Medium,Data / Technical Team
0.638,0.746,0.443,0.3,0.47,Slow,Neutral,Remote,5,7,7,8,55.2,High,Data / Technical Team
0.876,0.572,0.475,0.26,0.885,Fast,Neutral,Hybrid,5,10,9,1,37.7,High,Creative / R&D
0.234,0.716,0.497,0.746,0.487,Slow,Neutral,Remote,7,6,5,5,46.8,Medium,Operations / Admin
0.411,0.526,0.722,0.572,0.791,Slow,Indirect,Remote,2,6,5,2,42.5,High,Data / Technical Team
0.913,0.385,0.491,0.528,0.571,Fast,Direct,Hybrid,7,8,4,2,46.6,High,Creative / R&D
0.868,0.814,0.537,0.747,0.4,Slow,Indirect,Hybrid,5,8,3,1,46.1,Medium,Creative / R&D
0.542,0.8,0.378,0.774,0.329,Slow,Neutral,Hybrid,6,6,9,5,64.7,Medium,Operations / Admin
0.665,0.721,0.48,0.319,0.263,Balanced,Neutral,Hybrid,8,3,5,2,33.5,Medium,Data / Technical Team
0.408,0.404,0.37,0.658,0.709,Slow,Indirect,Office,10,5,8,4,45.7,High,Data / Technical Team
0.341,0.643,0.255,0.302,0.409,Balanced,Neutral,Office,4,2,9,3,36.2,High,Data / Technical Team
0.548,0.471,0.653,0.764,0.509,Fast,Indirect,Hybrid,7,5,5,3,47.9,Medium,Data / Technical Team
0.465,0.269,0.701,0.693,0.494,Fast,Neutral,Remote,6,9,10,2,43.2,Medium,Sales / Client Success
0.638,0.888,0.665,0.917,0.562,Balanced,Direct,Hybrid,10,10,9,6,75.8,Medium,Data / Technical Team
0.258,0.303,0.548,0.252,0.792,Fast,Direct,Hybrid,2,1,2,2,18.6,High,Data / Technical Team
0.931,0.913,0.485,0.243,0.885,Slow,Neutral,Remote,8,10,9,8,61.8,High,Creative / R&D
0.94,0.535,0.848,0.412,0.426,Slow,Indirect,Office,10,5,4,8,49.0,Medium,Creative / R&D
